miss_id,part,your_verdict,note
multi_turn_miss_func_12,C,0,
multi_turn_miss_func_16,C,0,
multi_turn_miss_func_39,C,0,
multi_turn_miss_func_6,C,0,
multi_turn_miss_func_1,C,0,
multi_turn_miss_func_10,C,0,
multi_turn_miss_param_16,C,0,
multi_turn_miss_param_38,C,0,
multi_turn_miss_param_29,C,0,
multi_turn_miss_param_3,C,0,
multi_turn_miss_func_32,C,0,
multi_turn_miss_func_34,C,0,
multi_turn_miss_func_36,C,0,
multi_turn_miss_func_45,C,0,
multi_turn_miss_param_42,C,0,
multi_turn_miss_param_34,C,0,
multi_turn_miss_param_45,C,0,
multi_turn_miss_param_44,C,0,
multi_turn_miss_func_41,C,0,
multi_turn_miss_func_46,C,0,
multi_turn_miss_func_19,C,0,
multi_turn_miss_func_40,C,0,
multi_turn_miss_func_43,C,0,
multi_turn_miss_param_41,C,0,
multi_turn_miss_param_40,C,0,
multi_turn_miss_func_111,C,0,
multi_turn_miss_func_141,C,0,
multi_turn_miss_func_101,C,0,
multi_turn_miss_func_138,C,0,
multi_turn_miss_func_149,C,0,
multi_turn_miss_param_111,C,0,
multi_turn_miss_param_141,C,0,
multi_turn_miss_param_149,C,0,
multi_turn_miss_param_114,C,0,
multi_turn_miss_param_137,C,0,
multi_turn_miss_param_131,C,0,
multi_turn_miss_func_184,C,0,
multi_turn_miss_param_169,C,0,
multi_turn_miss_param_171,C,0,
multi_turn_miss_func_61,C,0,
multi_turn_miss_func_97,C,0,
multi_turn_miss_param_62,C,0,
multi_turn_miss_param_91,C,0,
multi_turn_miss_param_72,C,0,
multi_turn_miss_param_97,C,0,
multi_turn_miss_func_23,C,0,
multi_turn_miss_func_24,C,0,
multi_turn_miss_func_27,C,0,
multi_turn_miss_param_27,C,0,
multi_turn_miss_param_48,C,0,
multi_turn_miss_func_176,C,0,
multi_turn_miss_func_187,C,0,
multi_turn_miss_func_160,C,0,
multi_turn_miss_func_152,C,0,
multi_turn_miss_func_181,C,0,
multi_turn_miss_func_193,C,0,
multi_turn_miss_func_196,C,0,
multi_turn_miss_param_156,C,0,
multi_turn_miss_param_176,C,0,
multi_turn_miss_param_190,C,0,
multi_turn_miss_param_152,C,0,
multi_turn_miss_param_160,C,0,
multi_turn_miss_param_193,C,0,
multi_turn_miss_param_181,C,0,
multi_turn_miss_param_196,C,0,
multi_turn_miss_func_117,C,0,
multi_turn_miss_func_123,C,0,
multi_turn_miss_func_142,C,0,
multi_turn_miss_func_105,C,0,
multi_turn_miss_func_115,C,0,
multi_turn_miss_func_121,C,0,
multi_turn_miss_func_130,C,0,
multi_turn_miss_func_146,C,0,
multi_turn_miss_param_117,C,0,
multi_turn_miss_param_120,C,0,
multi_turn_miss_param_122,C,0,
multi_turn_miss_param_123,C,0,
multi_turn_miss_param_130,C,0,
multi_turn_miss_param_132,C,0,
multi_turn_miss_param_135,C,0,
multi_turn_miss_param_142,C,0,
multi_turn_miss_param_107,C,0,
multi_turn_miss_param_126,C,0,
multi_turn_miss_param_128,C,0,
multi_turn_miss_func_136,C,0,
multi_turn_miss_func_134,C,0,
multi_turn_miss_func_124,C,0,
multi_turn_miss_param_124,C,0,
multi_turn_miss_param_136,C,0,
multi_turn_miss_func_102,C,0,
multi_turn_miss_param_102,C,0,
multi_turn_miss_param_106,C,0,
multi_turn_miss_param_129,C,0,
multi_turn_miss_param_148,C,0,
multi_turn_miss_func_155,C,0,
multi_turn_miss_func_150,C,0,
multi_turn_miss_func_158,C,0,
multi_turn_miss_func_159,C,0,
multi_turn_miss_func_191,C,0,
multi_turn_miss_func_192,C,0,
multi_turn_miss_param_150,C,0,
multi_turn_miss_param_155,C,0,
multi_turn_miss_param_182,C,0,
multi_turn_miss_param_194,C,0,
multi_turn_miss_param_191,C,0,
multi_turn_miss_func_21,C,0,
multi_turn_miss_func_7,C,0,
multi_turn_miss_func_5,C,0,
multi_turn_miss_func_8,C,0,
multi_turn_miss_func_22,C,0,
multi_turn_miss_param_5,C,0,
multi_turn_miss_func_139,C,0,
multi_turn_miss_func_147,C,0,
multi_turn_miss_param_109,C,0,
multi_turn_miss_func_151,C,0,
multi_turn_miss_func_170,C,0,
multi_turn_miss_func_174,C,0,
multi_turn_miss_func_189,C,0,
multi_turn_miss_func_195,C,0,
multi_turn_miss_func_175,C,0,
multi_turn_miss_func_188,C,0,
multi_turn_miss_func_183,C,0,
multi_turn_miss_param_170,C,0,
multi_turn_miss_param_198,C,0,
multi_turn_miss_param_151,C,0,
multi_turn_miss_param_175,C,0,
multi_turn_miss_param_189,C,0,
multi_turn_miss_param_174,C,0,
multi_turn_miss_param_183,C,0,
multi_turn_miss_param_186,C,0,
multi_turn_miss_func_52,C,0,
multi_turn_miss_func_53,C,0,
multi_turn_miss_func_68,C,0,
multi_turn_miss_func_75,C,0,
multi_turn_miss_param_54,C,0,
multi_turn_miss_param_65,C,0,
multi_turn_miss_param_76,C,0,
multi_turn_miss_param_86,C,0,
multi_turn_miss_param_90,C,0,
multi_turn_miss_param_53,C,0,
multi_turn_miss_param_75,C,0,
multi_turn_miss_func_70,C,0,
multi_turn_miss_func_79,C,0,
multi_turn_miss_func_84,C,0,
multi_turn_miss_func_99,C,0,
multi_turn_miss_func_82,C,0,
multi_turn_miss_func_94,C,0,
multi_turn_miss_param_83,C,0,
multi_turn_miss_param_84,C,0,
multi_turn_miss_param_94,C,0,
multi_turn_miss_param_70,C,0,
multi_turn_miss_param_73,C,0,
multi_turn_miss_param_79,C,0,
multi_turn_miss_param_82,C,0,
multi_turn_miss_param_93,C,0,
multi_turn_miss_param_66,C,0,
multi_turn_miss_param_89,C,0,
multi_turn_miss_func_74,C,0,
multi_turn_miss_func_81,C,0,
multi_turn_miss_func_98,C,0,
multi_turn_miss_func_59,C,0,
